company,site,fab,room_label,node,domain,capacity_kind,aggregation_eligible,2025-Q1,2025-Q2,2025-Q3,2025-Q4,2026-Q1,2026-Q2,2026-Q3,2026-Q4,2027-Q1,2027-Q2,2027-Q3,2027-Q4,2028-Q1,2028-Q2,2028-Q3,2028-Q4,2029-Q1,2029-Q2,2029-Q3,2029-Q4,2030-Q1,2030-Q2,2030-Q3,2030-Q4,2031-Q1,2031-Q2,2031-Q3,2031-Q4,2032-Q1,2032-Q2,2032-Q3,2032-Q4,2033-Q1,2033-Q2,2033-Q3,2033-Q4
CXMT,Beijing,Beijing Fab,C1,DRAM mix (node shares unallocated),dram,production,True,22500,25000,27500,30000,30000,30000,30000,30000,30000,30000,30000,30000,30000,30000,30000,30000,30000,30000,30000,30000,30000,30000,30000,30000,,,,,,,,,,,,
CXMT,Beijing,Beijing Fab,C2,DRAM mix (node shares unallocated),dram,production,True,27500,35000,42500,50000,50000,50000,70000,70000,70000,70000,70000,70000,70000,70000,70000,70000,70000,70000,70000,70000,70000,70000,70000,70000,,,,,,,,,,,,
CXMT,Hefei,Innotron,Fab A,DRAM node mix unresolved,dram,production,True,,,,,,,100000,100000,100000,100000,100000,100000,100000,100000,100000,100000,100000,100000,100000,100000,100000,100000,100000,100000,,,,,,,,,,,,
CXMT,Hefei,Innotron,Fab A,DRAM node mix unresolved,dram,installed,True,,,,,,,,,,,,,,,,,,,,,,,,,,,,,,,,,,,,
CXMT,Hefei,Innotron,Fab C,DRAM node mix unresolved,dram,production,True,,,,,,,100000,100000,100000,100000,100000,100000,100000,100000,100000,100000,100000,100000,100000,100000,100000,100000,100000,100000,,,,,,,,,,,,
CXMT,Hefei,Innotron,Fab C,DRAM node mix unresolved,dram,installed,True,,,,,,,,,,,,,,,,,,,,,,,,,,,,,,,,,,,,
CXMT,Shanghai,Shanghai,Phase 1,Planned DRAM; node mix undisclosed,dram,production,True,0,0,0,0,0,0,0,0,5000,15000,35000,60000,80000,100000,100000,100000,100000,100000,100000,100000,100000,100000,100000,100000,,,,,,,,,,,,
CXMT,Shanghai,Shanghai,Phase 1,Planned DRAM; node mix undisclosed,dram,installed,True,,,,,,,,,,,,,,,,,,,,,,,,,,,,,,,,,,,,
CXMT,Shanghai,Shanghai,Phase 2,Planned DRAM; node mix undisclosed,dram,production,True,0,0,0,0,0,0,0,0,,,,,,,,,,,,,,,,,,,,,,,,,,,,
CXMT,Shanghai,Shanghai,Phase 2,Planned DRAM; node mix undisclosed,dram,installed,True,,,,,,,,,,,,,,,,,,,,,,,,,,,,,,,,,,,,
CXMT,Shanghai,Shanghai,Phase 3,Planned DRAM; node mix undisclosed,dram,production,True,0,0,0,0,0,0,0,0,,,,,,,,,,,,,,,,,,,,,,,,,,,,
CXMT,Shanghai,Shanghai,Phase 3,Planned DRAM; node mix undisclosed,dram,installed,True,,,,,,,,,,,,,,,,,,,,,,,,,,,,,,,,,,,,
Intel,Leixlip,Fab 34,Module 1,Intel 3 (Intel 4 mix unallocated),logic,nameplate,True,30000,30000,30000,30000,30000,30000,30000,30000,30000,30000,30000,30000,30000,30000,30000,30000,30000,30000,30000,30000,30000,30000,30000,30000,,,,,,,,,,,,
Intel,Leixlip,Fab 34,Module 2,Intel 3 (Intel 4 mix unallocated),logic,nameplate,True,30000,30000,30000,30000,30000,30000,30000,30000,30000,30000,30000,30000,30000,30000,30000,30000,30000,30000,30000,30000,30000,30000,30000,30000,,,,,,,,,,,,
Intel,Kiryat Gat,Fab 28,Module 1,Intel 7,logic,installed,True,,,,,,,,,,,,,,,,,,,,,,,,,,,,,,,,,,,,
Intel,Kiryat Gat,Fab 28,Module 1,Intel 7,logic,production,True,40000,40000,40000,40000,40000,40000,40000,40000,40000,40000,40000,40000,40000,40000,40000,40000,40000,40000,40000,40000,40000,40000,40000,40000,,,,,,,,,,,,
Intel,Kiryat Gat,Fab 38,Mod 1,Intel 3,logic,production,True,,,,,,,,,,,,,,,,,,,,,,,,,,,,,,,,,,,,
Intel,Kiryat Gat,Fab 38,Mod 2,Intel 18A,logic,production,True,,,,,,,,,,,,,,,,,,,,,,,,,,,,,,,,,,,,
Intel,Arizona,Fab 42,Module 1,Intel 7,logic,production,True,30000,30000,30000,30000,30000,30000,30000,37500,37500,,,,,,,,,,,,,,,,,,,,,,,,,,,
Intel,Arizona,Fab 42,Module 1,Intel 18A family,logic,production,True,,,,,,,,,,3000,7500,12000,15000,15000,15000,15000,15000,15000,15000,15000,15000,15000,15000,15000,,,,,,,,,,,,
Intel,Arizona,Fab 52,52.1,Intel 18A family,logic,installed,True,,,,,,,,,,,,,,,,,,,,,,,,,,,,,,,,,,,,
Intel,Arizona,Fab 62,52.2,Advanced logic TBD;18A-family/14A allocation provisional,logic,installed,True,,,,,,,,,,,,,,,,,,,,,,,,,,,,,,,,,,,,
Intel,Arizona,Fab 62,52.2,Advanced logic TBD;18A-family/14A allocation provisional,logic,production,True,,,,,,,,,,,,,,,,25000,28750,32500,36250,40000,40000,40000,40000,40000,,,,,,,,,,,,
Intel,Ohio,Fab 27,Module 1,Advanced logic allocation provisional;14A scenario,logic,installed,True,,,,,,,,,,,,,,,,,,,,,,,,,,,,,,,,,,,,
Intel,Ohio,Fab 27,Module 1,Advanced logic allocation provisional;14A scenario,logic,production,True,0,0,0,0,0,0,0,0,0,0,0,0,0,0,0,0,0,0,0,0,,,,,,5000,10000,20000,30000,40000,40000,40000,,,,
Intel,Ohio,Fab 27,Module 2,Advanced logic allocation provisional;14A scenario,logic,installed,True,,,,,,,,,,,,,,,,,,,,,,,,,,,,,,,,,,,,
Intel,Ohio,Fab 27,Module 2,Advanced logic allocation provisional;14A scenario,logic,production,True,0,0,0,0,0,0,0,0,0,0,0,0,0,0,0,0,0,0,0,0,0,0,0,0,,,,,,5000,10000,20000,,,,
Intel,Oregon,D1X,Module 3,Intel18A family (guide assignment; room share unverified),logic,production,False,,,,,,,,,,,,,,,,,,,,,,,,,,,,,,,,,,,,
Intel,Oregon,D1X,Module 4,Intel10A (guide planning assignment; unverified),logic,production,False,,,,,,,,,,,,,,,,,,,,,,,,,,,,,,,,,,,,
JHICC,Jinjiang,Jinjiang Fab,Phase 1 / modeled CR 1,DRAM node unresolved,dram,production,True,,,,,,,,,,,,,,,,,,,,,,,,,,,,,,,,,,,,
Micron,Hiroshima,Hiroshima,B-Building,DRAM mix: 1-beta / 1-gamma; allocation unknown,dram,installed,True,,,,,,,,,,,,,,,,,,,,,,,,,,,,,,,,,,,,
Micron,Hiroshima,Hiroshima,B-Building,DRAM mix: 1-beta / 1-gamma; allocation unknown,dram,production,True,100000,100000,100000,100000,90000,90000,90000,90000,90000,90000,90000,90000,90000,90000,90000,90000,90000,90000,90000,90000,90000,90000,90000,90000,,,,,,,,,,,,
Micron,Hiroshima,Hiroshima,Expansion,Advanced DRAM; node allocation unknown,dram,installed,True,,,,,,,,,,,,,,,,,,,,,,,,,,,,,,,,,,,,
Micron,Hiroshima,Hiroshima,Expansion,Advanced DRAM; node allocation unknown,dram,production,True,,,,,,,,,,,,,,,,15000,30000,45000,45000,45000,45000,45000,45000,45000,,,,,,,,,,,,
Micron,Taichung,Fab 25 (formerly registered Fab 24),A1,DRAM mix unresolved; guide1beta,dram,production,True,,,,,,,,,,,,,,,,,,,,,,,,,,,,,,,,,,,,
Micron,Taichung,Fab 25 (formerly registered Fab 24),A2,DRAM mix unresolved; guide1beta,dram,production,True,,,,,,,,,,,,,,,,,,,,,,,,,,,,,,,,,,,,
Micron,Taichung,Fab 25 (formerly registered Fab 24),A3 P1+P2,DRAM node mix unresolved; 1gamma transition context,dram,production,True,,,,,,,,,,,,,,,,,,,,,,,,,,,,,,,,,,,,
Micron,Taoyuan,Fab 11,Inotera Fab 1,DRAM node mix unresolved; guide 1a,dram,production,True,,,,,,,,,,,,,,,,,,,,,,,,,,,,,,,,,,,,
Micron,Taoyuan,Fab 11,Inotera Fab 1a,DRAM node mix unresolved; guide 1b,dram,production,True,,,,,,,,,,,,,,,,,,,,,,,,,,,,,,,,,,,,
Micron,Taoyuan,Fab 11,Inotera Fab 2,DRAM node mix unresolved; guide 1b,dram,production,True,,,,,,,,,,,,,,,,,,,,,,,,,,,,,,,,,,,,
Micron,Tongluo,New Tongluo,Phase 1 CR,Leading-edge DRAM (1d analyst planning assignment),dram,production,True,,,,,,,,,,,,,,,,,,15000,15000,15000,20000,30000,40000,42500,,,,,,,,,,,,
Micron,Tongluo,PSMC P5,Phase 1 CR,Leading-edge DRAM (1c analyst assignment unconfirmed),dram,production,True,,,,,,,,,,15000,30000,30000,45000,45000,45000,45000,45000,45000,45000,45000,45000,45000,45000,45000,,,,,,,,,,,,
Micron,Idaho,Fab 4,Building C+D+E,DRAM R&D node mix unresolved,dram,production,False,,,,,,,,,,,,,,,,,,,,,,,,,,,,,,,,,,,,
Micron,Idaho,Fab 4,Building 50,DRAM R&D node mix unresolved,dram,production,False,,,,,,,,,,,,,,,,,,,,,,,,,,,,,,,,,,,,
Micron,Idaho,Fab 4,Building 51,DRAM R&D node mix unresolved,dram,production,False,,,,,,,,,,,,,,,,,,,,,,,,,,,,,,,,,,,,
Micron,Idaho,ID Fab,Phase 1,Advanced DRAM; room node unverified,dram,production,True,,,,,,,,,,,,,,,,,,,,,,,,,,,,,,,,,,,,
Micron,Idaho,ID Fab,Phase 2,Advanced DRAM; room node unverified,dram,production,True,,,,,,,,,,,,,,,,,,,,,,,,,,,,,,,,,,,,
Micron,New York,Clay Fab 1,Phase 1A,Future leading-edge DRAM (0a guide label unconfirmed),dram,production,True,0,0,0,0,0,0,0,0,0,0,0,0,0,0,0,0,0,0,0,0,,,,,,,,,,,,,,,,
Micron,New York,Clay Fab 1,Phase 1B,Future leading-edge DRAM (0a guide label unconfirmed),dram,production,True,0,0,0,0,0,0,0,0,0,0,0,0,0,0,0,0,0,0,0,0,,,,,,,,,,,,,,,,
Micron,New York,Clay Fab 2,Phase 2A,Advanced DRAM; node TBD,dram,production,True,0,0,0,0,0,0,0,0,0,0,0,0,0,0,0,0,0,0,0,0,0,0,0,0,0,0,0,0,0,0,0,0,,,,
Micron,New York,Clay Fab 2,Phase 2B,Advanced DRAM; node TBD,dram,production,True,0,0,0,0,0,0,0,0,0,0,0,0,0,0,0,0,0,0,0,0,0,0,0,0,0,0,0,0,0,0,0,0,,,,
Micron,Virginia,Fab 6,Module 1,DRAM mix; 1alpha transition share unallocated,dram,production,True,,,,,,,,,,,,,,,,,,,,,,,,,,,,,,,,,,,,
Micron,Virginia,Fab 6,Expansion,DRAM mix; 1alpha transition share unallocated,dram,production,True,,,,,,,,,,,,,,,,,,,,,,,,,,,,,,,,,,,,
Nanya,"Taishan, New Taipei",Fab 5A,Lower deck,1B/1C/1D/1E mix; EUV planned,dram,production,True,0,0,0,0,0,0,0,0,0,0,1500,5000,10000,17500,22500,22500,22500,22500,22500,22500,22500,22500,22500,22500,,,,,,,,,,,,
Nanya,"Taishan, New Taipei",Fab 5A,Upper deck,1B/1C/1D/1E mix; EUV planned,dram,production,True,0,0,0,0,0,0,0,0,0,0,0,0,0,0,2500,7500,9500,11500,13400,13400,13400,13400,13400,13400,,,,,,,,,,,,
Rapidus,Hokkaido,Chitose,IIM-1,2nm GAA,logic,production,True,0,0,0,0,0,0,0,0,0,0,0,6000,12000,18000,25000,25000,25000,25000,25000,25000,25000,25000,25000,25000,,,,,,,,,,,,
Rapidus,Hokkaido,Chitose,IIM-2,1.4nm plan,logic,production,True,,,,,,,,,,,,,,,,,,,,,,,,,,,,,,,,,,,,
Samsung,Hwaseong,Line 12,Phase 1,1b/1c BEOL support,dram,production,False,,,,,,,,,,,,,,,,,,,,,,,,,,,,,,,,,,,,
Samsung,Hwaseong,Line 15,Phase 1,1a/1b/1c mix unresolved,dram,production,True,100000,100000,97000,97000,100000,100000,103000,103000,103000,103000,103000,103000,103000,103000,103000,103000,103000,103000,103000,103000,103000,103000,103000,103000,,,,,,,,,,,,
Samsung,Hwaseong,Line 15,Phase 2,1a/1b/1c mix unresolved,dram,production,True,75000,75000,73000,73000,75000,75000,77000,77000,77000,77000,77000,77000,77000,77000,77000,77000,77000,77000,77000,77000,77000,77000,77000,77000,,,,,,,,,,,,
Samsung,Hwaseong,Line 17,S3 Line,SF2 / legacy transition mix unresolved,logic,production,True,,,,,20000,20000,20000,20000,0,0,0,0,0,0,0,0,0,0,0,0,0,0,0,0,,,,,,,,,,,,
Samsung,Hwaseong,Line 17,S3 Line,SF2 (conditional allocation),logic,production,True,0,0,0,0,0,0,0,0,20000,20000,20000,20000,20000,20000,20000,20000,20000,20000,20000,20000,20000,20000,20000,20000,,,,,,,,,,,,
Samsung,Hwaseong,Line 17,Multiple,DRAM 1b/1z/1c mix unresolved,dram,production,True,140000,130000,120000,100000,95000,90000,90000,90000,0,0,0,0,0,0,0,0,0,0,0,0,0,0,0,0,,,,,,,,,,,,
Samsung,Hwaseong,Line 17,Multiple,legacy DRAM (1b/1z mix unresolved),dram,production,True,0,0,0,0,0,0,0,0,68000,51000,25500,0,0,0,0,0,0,0,0,0,0,0,0,0,,,,,,,,,,,,
Samsung,Hwaseong,Line 17,Multiple,1c,dram,production,True,0,0,0,0,0,0,0,0,17000,34000,59500,90000,90000,90000,90000,90000,90000,90000,90000,90000,90000,90000,90000,90000,,,,,,,,,,,,
Samsung,Hwaseong,V1,CleanRoom2,SF4/5,logic,production,True,10000,10000,10000,10000,10000,10000,10000,10000,10000,10000,10000,10000,10000,10000,10000,10000,10000,10000,10000,10000,10000,10000,10000,10000,,,,,,,,,,,,
Samsung,Hwaseong,V1,CleanRoom1,SF3,logic,production,True,5000,5000,3000,1000,0,0,0,0,0,0,0,0,0,0,0,0,0,0,0,0,0,0,0,0,,,,,,,,,,,,
Samsung,Hwaseong,V1,CleanRoom1,SF2,logic,production,True,0,0,1500,3500,5000,5000,5000,5000,5000,5000,5000,5000,5000,5000,5000,5000,5000,5000,5000,5000,5000,5000,5000,5000,,,,,,,,,,,,
Samsung,Hwaseong,V1,CleanRoom3,SF3,logic,production,True,1000,1000,1000,1000,1000,1000,1000,1000,1000,1000,1000,1000,1000,1000,1000,1000,1000,1000,1000,1000,1000,1000,1000,1000,,,,,,,,,,,,
Samsung,Giheung,NRD-K,Phase 1,SF1.4 research,logic,production,False,,,,,,,,,,,,,,,,,,,,,,,,,,,,,,,,,,,,
Samsung,Giheung,NRD-K,Phase 2,SF2 send-fab proposal; previous SF1.0 R&D,logic,production,False,,,,,,,,,,,,,,,,,,,,,,,,,,,,,,,,,,,,
Samsung,Pyeongtaek,P1,Phase 1 CR1,1b,dram,production,True,27500,27500,30000,30000,30000,24000,12000,3000,0,0,0,0,0,0,0,0,0,0,0,0,0,0,0,0,,,,,,,,,,,,
Samsung,Pyeongtaek,P1,Phase 1 CR1,1c,dram,production,True,0,0,0,0,0,3000,15000,24000,30000,30000,30000,30000,30000,30000,30000,30000,30000,30000,30000,30000,30000,30000,30000,30000,,,,,,,,,,,,
Samsung,Pyeongtaek,P1,Phase 1 CR2,1b,dram,production,True,27500,27500,30000,30000,30000,24000,12000,3000,0,0,0,0,0,0,0,0,0,0,0,0,0,0,0,0,,,,,,,,,,,,
Samsung,Pyeongtaek,P1,Phase 1 CR2,1c,dram,production,True,0,0,0,0,0,3000,15000,24000,30000,30000,30000,30000,30000,30000,30000,30000,30000,30000,30000,30000,30000,30000,30000,30000,,,,,,,,,,,,
Samsung,Pyeongtaek,P1,Phase 2 CR1,1a,dram,production,True,27500,27500,30000,30000,30000,30000,30000,30000,30000,30000,30000,30000,30000,30000,30000,30000,24000,12000,3000,0,0,0,0,0,,,,,,,,,,,,
Samsung,Pyeongtaek,P1,Phase 2 CR1,1d,dram,production,True,0,0,0,0,0,0,0,0,0,0,0,0,0,0,0,0,3000,15000,24000,30000,30000,30000,30000,30000,,,,,,,,,,,,
Samsung,Pyeongtaek,P1,Phase 2 CR2,1a,dram,production,True,27500,27500,30000,30000,30000,30000,30000,30000,30000,30000,30000,30000,30000,30000,30000,30000,24000,12000,3000,0,0,0,0,0,,,,,,,,,,,,
Samsung,Pyeongtaek,P1,Phase 2 CR2,1d,dram,production,True,0,0,0,0,0,0,0,0,0,0,0,0,0,0,0,0,3000,15000,24000,30000,30000,30000,30000,30000,,,,,,,,,,,,
Samsung,Pyeongtaek,P2,S5 Line CR1,SF4/5 mix,logic,production,True,25000,25000,25000,25000,25000,25000,25000,25000,25000,25000,25000,25000,25000,25000,25000,25000,25000,25000,25000,25000,25000,25000,25000,25000,,,,,,,,,,,,
Samsung,Pyeongtaek,P2,S5 Line CR2,SF4/5 mix,logic,production,True,25000,25000,25000,25000,25000,25000,25000,25000,25000,25000,25000,25000,25000,25000,25000,25000,25000,25000,25000,25000,25000,25000,25000,25000,,,,,,,,,,,,
Samsung,Pyeongtaek,P2,Phase 1 CR1,1a/1c mix; later node shares unresolved,dram,production,True,140000,140000,140000,140000,140000,140000,140000,140000,140000,140000,140000,140000,140000,140000,140000,140000,140000,140000,140000,140000,140000,140000,140000,140000,,,,,,,,,,,,
Samsung,Pyeongtaek,P3,Phase 2 CR,1b,dram,production,True,110000,110000,110000,110000,100833,91667,82500,73333,55000,36667,18333,0,0,0,0,0,0,0,0,0,0,0,0,0,,,,,,,,,,,,
Samsung,Pyeongtaek,P3,Phase 2 CR,1c initial; later mix unallocated,dram,production,True,0,0,0,0,9167,18333,27500,36667,55000,73333,91667,110000,110000,110000,110000,110000,107500,105000,102500,100000,100000,100000,100000,100000,,,,,,,,,,,,
Samsung,Pyeongtaek,P3,Phase 2 CR,SF2 plan,logic,nameplate,True,25000,25000,25000,25000,25000,25000,25000,25000,25000,25000,25000,25000,25000,25000,25000,25000,25000,25000,25000,25000,25000,25000,25000,25000,,,,,,,,,,,,
Samsung,Pyeongtaek,P4,Phase 1 CR,1c initial; later node mix unallocated,dram,production,True,6250.0,7500.0,8750.0,10000.0,30000,35000,40000,40000,45000,50000,50000,50000,50000,50000,50000,50000,50000,50000,50000,50000,50000,50000,50000,50000,,,,,,,,,,,,
Samsung,Pyeongtaek,P4,Phase 2 CR,1c initial; later node mix unallocated,dram,production,True,0.0,0.0,0.0,0.0,0,5000,10000,20000,25000,35000,45000,50000,50000,50000,50000,50000,50000,50000,50000,50000,50000,50000,50000,50000,,,,,,,,,,,,
Samsung,Pyeongtaek,P4,Phase 3 CR,1c initial; later node mix unallocated,dram,production,True,6250.0,7500.0,8750.0,10000.0,30000,40000,50000,50000,50000,50000,50000,50000,50000,50000,50000,50000,50000,50000,50000,50000,50000,50000,50000,50000,,,,,,,,,,,,
Samsung,Pyeongtaek,P4,Phase 4 CR,1c initial; later node mix unallocated,dram,production,True,1250.0,2500.0,3750.0,5000.0,0,5000,15000,30000,35000,40000,45000,50000,50000,50000,50000,50000,50000,50000,50000,50000,50000,50000,50000,50000,,,,,,,,,,,,
Samsung,Pyeongtaek,P5-I,Phase 2 CR,SF1.4,logic,production,True,0,0,0,0,0,0,0,0,0,0,0,0,0,0,0,0,0,2500,7500,15000,21250,25000,25000,25000,,,,,,,,,,,,
Samsung,Pyeongtaek,P5-I,Phase 1 CR,1c / 1d startup mix unresolved,dram,production,True,0,0,0,0,0,0,0,0,0,0,0,5000,15000,30000,42500,50000,50000,50000,50000,50000,50000,50000,50000,50000,,,,,,,,,,,,
Samsung,Pyeongtaek,P5-I,Phase 3 CR,1d,dram,production,True,0,0,0,0,0,0,0,0,0,0,0,0,0,5000,15000,30000,42500,50000,50000,50000,50000,50000,50000,50000,,,,,,,,,,,,
Samsung,Pyeongtaek,P5-I,Phase 4 CR,1d,dram,production,True,0,0,0,0,0,0,0,0,0,0,0,0,0,0,5000,15000,30000,42500,50000,50000,50000,50000,50000,50000,,,,,,,,,,,,
Samsung,Pyeongtaek,P5-I,Phase 5 CR,1d,dram,production,True,0,0,0,0,0,0,0,0,0,0,0,0,0,0,0,5000,15000,30000,42500,50000,50000,50000,50000,50000,,,,,,,,,,,,
Samsung,Pyeongtaek,P5-II,Phase 1 CR,1d / 0a transition estimate,dram,production,True,0,0,0,0,0,0,0,0,0,0,0,0,0,0,0,0,0,5000,15000,30000,42500,50000,50000,50000,50000,50000,50000,50000,50000,50000,50000,50000,,,,
Samsung,Pyeongtaek,P5-II,Phase 2 CR,1d / 0a transition estimate,dram,production,True,0,0,0,0,0,0,0,0,0,0,0,0,0,0,0,0,0,0,5000,15000,30000,42500,50000,50000,50000,50000,50000,50000,50000,50000,50000,50000,,,,
Samsung,Pyeongtaek,P5-II,Phase 3 CR,1d / 0a transition estimate,dram,production,True,0,0,0,0,0,0,0,0,0,0,0,0,0,0,0,0,0,0,0,5000,15000,30000,42500,50000,50000,50000,50000,50000,50000,50000,50000,50000,,,,
Samsung,Pyeongtaek,P5-II,Phase 4 CR,1d / 0a transition estimate,dram,production,True,0,0,0,0,0,0,0,0,0,0,0,0,0,0,0,0,0,0,0,0,5000,15000,30000,42500,50000,50000,50000,50000,50000,50000,50000,50000,,,,
Samsung,Pyeongtaek,P5-II,Phase 5 CR,1d / 0a transition estimate,dram,production,True,0,0,0,0,0,0,0,0,0,0,0,0,0,0,0,0,0,0,0,0,0,0,0,0,5000,15000,30000,42500,50000,50000,50000,50000,,,,
Samsung,Yongin,SY-1,Phase 1 CR,SF1.0,logic,production,True,0,0,0,0,0,0,0,0,0,0,0,0,0,0,0,0,0,0,0,0,0,0,2500,7500,15000,21250,25000,25000,25000,25000,25000,25000,,,,
Samsung,Yongin,SY-1,Phase 2 CR,0a,dram,production,True,0,0,0,0,0,0,0,0,0,0,0,0,0,0,0,0,0,0,0,10000,25000,40000,50000,50000,50000,50000,50000,50000,50000,50000,50000,50000,,,,
Samsung,Yongin,SY-1,Phase 3 CR,0a,dram,production,True,0,0,0,0,0,0,0,0,0,0,0,0,0,0,0,0,0,0,0,0,10000,25000,40000,50000,50000,50000,50000,50000,50000,50000,50000,50000,,,,
Samsung,Yongin,SY-1,Phase 4 CR,0a,dram,production,True,0,0,0,0,0,0,0,0,0,0,0,0,0,0,0,0,0,0,0,0,0,10000,25000,40000,50000,50000,50000,50000,50000,50000,50000,50000,,,,
Samsung,Yongin,SY-1,Phase 5 CR,0a / 0b transition estimate,dram,production,True,0,0,0,0,0,0,0,0,0,0,0,0,0,0,0,0,0,0,0,0,0,0,10000,25000,40000,50000,50000,50000,50000,50000,50000,50000,,,,
Samsung,Austin,Taylor,Module 1,SF2 family (SF2P+ reported),logic,production,True,0,0,0,0,0,0,,20000,30000,40000,50000,50000,50000,50000,50000,50000,50000,50000,50000,50000,50000,50000,50000,50000,50000,50000,50000,50000,,,,,,,,
Samsung,Austin,Taylor,Module 2,SF1.4,logic,production,True,0,0,0,0,0,0,0,0,0,0,0,0,0,0,0,0,0,0,0,0,2000,6000,12000,17000,20000,20000,20000,20000,,,,,,,,
SK hynix,Wuxi,C2+CF,Multiple CR,1z,dram,production,True,,,,,18500,18500,18500,18500,18500,18500,18500,18500,18500,18500,18500,18500,18500,18500,18500,18500,18500,18500,18500,18500,,,,,,,,,,,,
SK hynix,Wuxi,C2+CF,Multiple CR,1a,dram,production,True,,,,,166500,166500,166500,166500,166500,166500,166500,166500,166500,166500,166500,166500,166500,166500,166500,166500,166500,166500,166500,166500,,,,,,,,,,,,
SK hynix,Cheongju,M15X,Phase 1 CR,1b,dram,production,True,0,0,0,0,5000,10000,20000,30000,30000,30000,30000,30000,28125,26250,24375,22500,20625,18750,16875,15000,11250,7500,3750,0,,,,,,,,,,,,
SK hynix,Cheongju,M15X,Phase 2 CR,1b,dram,production,True,0,0,0,0,0,0,0,10000,20000,30000,30000,30000,28125,26250,24375,22500,20625,18750,16875,15000,11250,7500,3750,0,,,,,,,,,,,,
SK hynix,Cheongju,M15X,Phase 1 CR,1c / 1d transition estimate,dram,production,True,0,0,0,0,0,0,0,0,0,0,0,0,1875,3750,5625,7500,9375,11250,13125,15000,18750,22500,26250,30000,,,,,,,,,,,,
SK hynix,Cheongju,M15X,Phase 2 CR,1c / 1d transition estimate,dram,production,True,0,0,0,0,0,0,0,0,0,0,0,0,1875,3750,5625,7500,9375,11250,13125,15000,18750,22500,26250,30000,,,,,,,,,,,,
SK hynix,Icheon,M10,Phase 1 CR,DRAM R&D mix;1a guide unverified,dram,nameplate,False,5000,5000,5000,5000,5000,5000,5000,5000,5000,5000,5000,5000,5000,5000,5000,5000,5000,5000,5000,5000,5000,5000,5000,5000,,,,,,,,,,,,
SK hynix,Icheon,M14,Phase 1 CR,legacy DRAM mix estimate,dram,production,True,,,150000,140000,120000,90000,60000,40000,40000,40000,40000,40000,40000,40000,40000,40000,40000,40000,40000,40000,40000,40000,40000,40000,,,,,,,,,,,,
SK hynix,Icheon,M14,Phase 1 CR,1c conditional room allocation,dram,production,True,,,20000,30000,50000,80000,110000,130000,130000,130000,130000,130000,130000,130000,130000,130000,130000,130000,130000,130000,130000,130000,130000,130000,,,,,,,,,,,,
SK hynix,Icheon,M16,Phase 1 CR,DRAM mix unresolved,dram,production,True,,,85000,90000,0,0,0,0,0,0,0,0,0,0,0,0,0,0,0,0,0,0,0,0,,,,,,,,,,,,
SK hynix,Icheon,M16,Phase 1 CR,legacy1a/1b mix estimate,dram,production,True,0,0,0,0,87500,85000,82500,80000,70000,60000,50000,45000,33750,22500,11250,0,0,0,0,0,0,0,0,0,,,,,,,,,,,,
SK hynix,Icheon,M16,Phase 1 CR,1c conversion estimate,dram,production,True,0,0,0,0,2500,5000,7500,10000,20000,30000,40000,45000,56250,67500,78750,90000,90000,90000,90000,90000,90000,90000,90000,90000,,,,,,,,,,,,
SK hynix,Icheon,M16,Phase 2 CR,DRAM mix unresolved,dram,production,True,,,85000,90000,0,0,0,0,0,0,0,0,0,0,0,0,0,0,0,0,0,0,0,0,,,,,,,,,,,,
SK hynix,Icheon,M16,Phase 2 CR,legacy1a/1b mix estimate,dram,production,True,0,0,0,0,87500,85000,82500,80000,70000,60000,50000,45000,33750,22500,11250,0,0,0,0,0,0,0,0,0,,,,,,,,,,,,
SK hynix,Icheon,M16,Phase 2 CR,1c conversion estimate,dram,production,True,0,0,0,0,2500,5000,7500,10000,20000,30000,40000,45000,56250,67500,78750,90000,90000,90000,90000,90000,90000,90000,90000,90000,,,,,,,,,,,,
SK hynix,Yongin,Y1,Phase 1 CR,1c (planning estimate),dram,production,True,0,0,0,0,0,0,0,0,0,6000,18000,36000,51000,60000,60000,60000,60000,60000,45000,30000,15000,0,0,0,,,,,,,,,,,,
SK hynix,Yongin,Y1,Phase 2 CR,1d (planning estimate),dram,production,True,0,0,0,0,0,0,0,0,0,0,0,6000,18000,36000,51000,60000,60000,60000,60000,60000,60000,60000,60000,60000,,,,,,,,,,,,
SK hynix,Yongin,Y1,Phase 3 CR,1d (planning estimate),dram,production,True,0,0,0,0,0,0,0,0,0,0,0,0,0,6000,18000,36000,51000,60000,60000,60000,60000,60000,60000,60000,,,,,,,,,,,,
SK hynix,Yongin,Y1,Phase 4 CR,1d (planning estimate),dram,production,True,0,0,0,0,0,0,0,0,0,0,0,0,0,0,0,6000,18000,36000,51000,60000,60000,60000,60000,60000,,,,,,,,,,,,
SK hynix,Yongin,Y1,Phase 5 CR,1d (planning estimate),dram,production,True,0,0,0,0,0,0,0,0,0,0,0,0,0,0,0,0,0,6000,18000,36000,51000,60000,60000,60000,,,,,,,,,,,,
SK hynix,Yongin,Y1,Phase 6 CR,1d (planning estimate),dram,production,True,0,0,0,0,0,0,0,0,0,0,0,0,0,0,0,0,0,0,0,6000,18000,36000,51000,60000,,,,,,,,,,,,
SK hynix,Yongin,Y1,Phase 1 CR,1d (planning estimate),dram,production,True,0,0,0,0,0,0,0,0,0,0,0,0,0,0,0,0,0,0,15000,30000,45000,60000,60000,60000,,,,,,,,,,,,
SK hynix,Yongin,Y2,Phase 1 CR,1d (planning estimate),dram,production,True,0,0,0,0,0,0,0,0,0,0,0,0,0,0,0,0,0,0,0,6000,18000,36000,51000,60000,60000,60000,60000,60000,60000,60000,60000,60000,,,,
SK hynix,Yongin,Y2,Phase 2 CR,1d (planning estimate),dram,production,True,0,0,0,0,0,0,0,0,0,0,0,0,0,0,0,0,0,0,0,0,0,6000,18000,36000,51000,60000,60000,60000,60000,60000,60000,60000,,,,
SK hynix,Yongin,Y2,Phase 3 CR,0a (planning estimate),dram,production,True,0,0,0,0,0,0,0,0,0,0,0,0,0,0,0,0,0,0,0,0,0,0,0,6000,18000,36000,51000,60000,60000,60000,60000,60000,,,,
SK hynix,Yongin,Y2,Phase 4 CR,0a (planning estimate),dram,production,True,0,0,0,0,0,0,0,0,0,0,0,0,0,0,0,0,0,0,0,0,0,0,0,0,0,6000,18000,36000,51000,60000,60000,60000,,,,
SK hynix,Yongin,Y2,Phase 5 CR,0a (planning estimate),dram,production,True,0,0,0,0,0,0,0,0,0,0,0,0,0,0,0,0,0,0,0,0,0,0,0,0,0,0,0,6000,18000,36000,51000,60000,,,,
SK hynix,Yongin,Y2,Phase 6 CR,0a (planning estimate),dram,production,True,0,0,0,0,0,0,0,0,0,0,0,0,0,0,0,0,0,0,0,0,0,0,0,0,0,0,0,0,0,6000,18000,36000,,,,
SwaySure,Shenzen,SwaySure,Phase 1,DRAM node unverified (legacy/pre1z; future1z/1a reported),dram,production,True,,,,,,,,,,,,,,,,,,,,,,,,,,,,,,,,,,,,
TSMC,Kumamoto,Fab 23.JASM,Phase 2,N3,logic,production,True,0,0,0,0,0,0,0,0,0,0,0,0,0,0,0,3000,7500,12000,15000,15000,15000,15000,15000,15000,,,,,,,,,,,,
TSMC,Baoshan,Fab 20,Phase 1,N2,logic,production,True,0,0,0,5000,12500,20000,25000,25000,25000,25000,25000,25000,25000,25000,25000,25000,25000,25000,25000,25000,25000,25000,25000,25000,,,,,,,,,,,,
TSMC,Baoshan,Fab 20,Phase 2,N2,logic,production,True,0,0,0,0,0,0,0,25000,25000,25000,25000,25000,25000,25000,25000,25000,25000,25000,25000,25000,25000,25000,25000,25000,,,,,,,,,,,,
TSMC,Baoshan,Fab 20,Phase 3,N2,logic,production,True,0,0,0,0,0,0,0,0,0,0,5000,12500,0,0,0,0,0,0,0,0,0,0,0,0,,,,,,,,,,,,
TSMC,Baoshan,Fab 20,Phase 3,N2/A14 mix,logic,production,True,0,0,0,0,0,0,0,0,0,0,0,0,20000,25000,25000,25000,25000,25000,25000,25000,25000,25000,25000,25000,,,,,,,,,,,,
TSMC,Baoshan,Fab 20,Phase 4,A14,logic,production,True,0,0,0,0,0,0,0,0,0,0,0,0,0,0,0,3000,6000,10000,14000,18000,20000,22000,24000,25000,,,,,,,,,,,,
TSMC,Kaohsiung,Fab 22,Phase 1,N2,logic,production,True,0,0,0,5000,12500,20000,25000,25000,25000,25000,25000,25000,25000,25000,25000,25000,25000,25000,25000,25000,25000,25000,25000,25000,,,,,,,,,,,,
TSMC,Kaohsiung,Fab 22,Phase 2,N2,logic,production,True,0,0,0,0,0,0,0,25000,25000,25000,25000,25000,25000,25000,25000,25000,25000,25000,25000,25000,25000,25000,25000,25000,,,,,,,,,,,,
TSMC,Kaohsiung,Fab 22,Phase 3,N2/A16 mix,logic,production,True,0,0,0,0,0,0,0,0,0,0,5000,12500,20000,25000,25000,25000,25000,25000,25000,25000,25000,25000,25000,25000,,,,,,,,,,,,
TSMC,Kaohsiung,Fab 22,Phase 4,N2/A16 mix,logic,production,True,0,0,0,0,0,0,0,0,0,0,0,0,5000,12500,20000,25000,25000,25000,25000,25000,25000,25000,25000,25000,,,,,,,,,,,,
TSMC,Kaohsiung,Fab 22,Phase 5,N2 family,logic,production,True,0,0,0,0,0,0,0,0,0,0,0,0,0,0,0,5000,12500,20000,25000,25000,25000,25000,25000,25000,,,,,,,,,,,,
TSMC,Shalun,Fab 25,Phase 1,A10 (conditional; A12 alternative unresolved),logic,production,True,0,0,0,0,0,0,0,0,0,0,0,0,0,0,0,0,0,0,0,0,0,0,0,5000,12500,20000,25000,25000,25000,25000,25000,25000,25000,25000,25000,25000
TSMC,Shalun,Fab 25,Phase 2,A10 (conditional; A12 alternative unresolved),logic,production,True,0,0,0,0,0,0,0,0,0,0,0,0,0,0,0,0,0,0,0,0,0,0,0,5000,12500,20000,25000,25000,25000,25000,25000,25000,25000,25000,25000,25000
TSMC,Shalun,Fab 25,Phase 3,A10 (conditional; A12 alternative unresolved),logic,production,True,0,0,0,0,0,0,0,0,0,0,0,0,0,0,0,0,0,0,0,0,0,0,0,0,0,0,0,5000,12500,20000,25000,25000,25000,25000,25000,25000
TSMC,Shalun,Fab 25,Phase 4,A10 (conditional; A12 alternative unresolved),logic,production,True,0,0,0,0,0,0,0,0,0,0,0,0,0,0,0,0,0,0,0,0,0,0,0,0,0,0,0,5000,12500,20000,25000,25000,25000,25000,25000,25000
TSMC,Shalun,Fab 25,Phase 5,A10 (conditional; A12 alternative unresolved),logic,production,True,0,0,0,0,0,0,0,0,0,0,0,0,0,0,0,0,0,0,0,0,0,0,0,0,0,0,0,0,0,0,0,5000,12500,20000,25000,25000
TSMC,Shalun,Fab 25,Phase 6,A10 (conditional; A12 alternative unresolved),logic,production,True,0,0,0,0,0,0,0,0,0,0,0,0,0,0,0,0,0,0,0,0,0,0,0,0,0,0,0,0,0,0,0,5000,12500,20000,25000,25000
TSMC,Shalun,Fab 25,Phase 7,A10 (conditional; A12 alternative unresolved),logic,production,True,0,0,0,0,0,0,0,0,0,0,0,0,0,0,0,0,0,0,0,0,0,0,0,0,0,0,0,0,0,5000,12500,20000,25000,25000,25000,25000
TSMC,Taichung,Fab 25 (formerly registered Fab 24),Phase 1,A14,logic,production,True,0,0,0,0,0,0,0,0,0,0,0,0,5000,12500,20000,25000,25000,25000,25000,25000,25000,25000,25000,25000,,,,,,,,,,,,
TSMC,Taichung,Fab 25 (formerly registered Fab 24),Phase 2,A14 family (A14/A13/A12 unresolved),logic,production,True,0,0,0,0,0,0,0,0,0,0,0,0,0,0,5000,12500,20000,25000,25000,25000,25000,25000,25000,25000,,,,,,,,,,,,
TSMC,Taichung,Fab 25 (formerly registered Fab 24),Phase 3,A14 family (A14/A13/A12 unresolved),logic,production,True,0,0,0,0,0,0,0,0,0,0,0,0,0,0,0,0,5000,12500,20000,25000,25000,25000,25000,25000,,,,,,,,,,,,
TSMC,Taichung,Fab 25 (formerly registered Fab 24),Phase 4,A14 family (A14/A13/A12 unresolved),logic,production,True,0,0,0,0,0,0,0,0,0,0,0,0,0,0,0,0,0,0,5000,12500,20000,25000,25000,25000,,,,,,,,,,,,
TSMC,Tainan,Fab 18,Phase 1,N5/N4 family,logic,production,True,35000,35000,35000,35000,35000,35000,35000,35000,35000,35000,35000,35000,35000,35000,35000,35000,35000,35000,35000,35000,35000,35000,35000,35000,,,,,,,,,,,,
TSMC,Tainan,Fab 18,Phase 2,N5/N4 family,logic,production,True,35000,35000,35000,35000,35000,35000,35000,35000,35000,35000,35000,35000,35000,35000,35000,35000,35000,35000,35000,35000,35000,35000,35000,35000,,,,,,,,,,,,
TSMC,Tainan,Fab 18,Phase 3,N5/N4 family,logic,production,True,35000,35000,35000,35000,35000,35000,35000,35000,35000,35000,35000,35000,35000,35000,35000,35000,35000,35000,35000,35000,35000,35000,35000,35000,,,,,,,,,,,,
TSMC,Tainan,Fab 18,Phase 4,N5/N4 family,logic,production,True,35000,35000,35000,35000,30000,25000,15000,10000,10000,10000,10000,10000,10000,10000,10000,10000,10000,10000,10000,10000,10000,10000,10000,10000,,,,,,,,,,,,
TSMC,Tainan,Fab 18,Phase 4,N3,logic,production,True,0,0,0,0,5000,10000,20000,25000,25000,25000,25000,25000,25000,25000,25000,25000,25000,25000,25000,25000,25000,25000,25000,25000,,,,,,,,,,,,
TSMC,Tainan,Fab 18,Phase 5,N3,logic,production,True,35000,35000,35000,35000,35000,35000,35000,35000,35000,35000,35000,35000,35000,35000,35000,35000,35000,35000,35000,35000,35000,35000,35000,35000,,,,,,,,,,,,
TSMC,Tainan,Fab 18,Phase 6,N3,logic,production,True,35000,35000,35000,35000,35000,35000,35000,35000,35000,35000,35000,35000,35000,35000,35000,35000,35000,35000,35000,35000,35000,35000,35000,35000,,,,,,,,,,,,
TSMC,Tainan,Fab 18,Phase 7,N3,logic,production,True,35000,35000,35000,35000,35000,35000,35000,35000,35000,35000,35000,35000,35000,35000,35000,35000,35000,35000,35000,35000,35000,35000,35000,35000,,,,,,,,,,,,
TSMC,Tainan,Fab 18,Phase 8,N3,logic,production,True,15000,22500,27000,30000,30000,30000,30000,30000,30000,30000,30000,30000,30000,30000,30000,30000,30000,30000,30000,30000,30000,30000,30000,30000,,,,,,,,,,,,
TSMC,Tainan,Fab 18,Phase 9,N3 (front-end allocation conditional),logic,production,True,0,0,0,0,0,0,0,0,0,5000,12500,20000,25000,25000,25000,25000,25000,25000,25000,25000,25000,25000,25000,25000,,,,,,,,,,,,
TSMC,Tainan,STSP-Expansion,Phase 1,N2 planned,logic,production,True,0,0,0,0,0,0,0,0,0,0,0,0,0,0,0,0,0,5000,10000,15000,18000,21000,23000,25000,25000,25000,25000,25000,25000,25000,25000,25000,,,,
TSMC,Tainan,STSP-Expansion,Phase 2,N2 planned,logic,production,True,0,0,0,0,0,0,0,0,0,0,0,0,0,0,0,0,0,5000,10000,15000,18000,21000,23000,25000,25000,25000,25000,25000,25000,25000,25000,25000,,,,
TSMC,Tainan,STSP-Expansion,Phase 3,N2 planned,logic,production,True,0,0,0,0,0,0,0,0,0,0,0,0,0,0,0,0,0,5000,10000,15000,18000,21000,23000,25000,25000,25000,25000,25000,25000,25000,25000,25000,,,,
TSMC,Arizona,Fab 21,Phase 1,N4,logic,production,True,15000,24000,30000,30000,30000,30000,30000,30000,30000,30000,30000,30000,30000,30000,30000,30000,30000,30000,30000,30000,30000,30000,30000,30000,30000,30000,30000,30000,30000,30000,30000,30000,30000,30000,30000,30000
TSMC,Arizona,Fab 21,Phase 2,N3,logic,production,True,0,0,0,0,0,0,0,0,0,0,5000,12500,20000,25000,25000,25000,25000,25000,25000,25000,25000,25000,25000,25000,25000,25000,25000,25000,25000,25000,25000,25000,25000,25000,25000,25000
TSMC,Arizona,Fab 21,Phase 3,N2/A16 mix,logic,production,True,0,0,0,0,0,0,0,0,0,0,0,0,0,0,0,0,0,5000,12500,20000,25000,25000,25000,25000,25000,25000,25000,25000,25000,25000,25000,25000,25000,25000,25000,25000
TSMC,Arizona,Fab 21,Phase 4,A14,logic,production,True,0,0,0,0,0,0,0,0,0,0,0,0,0,0,0,0,0,0,0,0,0,0,0,5000,12500,20000,25000,25000,25000,25000,25000,25000,25000,25000,25000,25000
TSMC,Arizona,Fab 21,Phase 5,A10,logic,production,True,0,0,0,0,0,0,0,0,0,0,0,0,0,0,0,0,0,0,0,0,0,0,0,0,0,0,0,0,0,0,0,5000,12500,20000,25000,25000
YMTC,Wuhan,Wuhan,Phase 3,DRAM node unverified,dram,production,True,0,0,0,0,0,0,0,,5000,10000,20000,25000,35000,45000,50000,50000,50000,50000,50000,50000,50000,50000,50000,50000,,,,,,,,,,,,
Samsung,Pyeongtaek,P3,Phase 2 CR,SF2 plan,logic,production,True,,,,,,,,,,,,,,,,,,,,,,,,,,,,,,,,,,,,
Intel,Arizona,Fab 52,52.1,Intel 18A family,logic,production,True,,,,,,,,,,,,,,,,,,,,,,,,,,,,,,,,,,,,
Intel,Leixlip,Fab 34,Module 2,Intel 3 (Intel 4 mix unallocated),logic,production,True,,,,,,,,,,,,,,,,,,,,,,,,,,,,,,,,,,,,
SK hynix,Icheon,M10,Phase 1 CR,DRAM R&D mix;1a guide unverified,dram,production,False,,,,,,,,,,,,,,,,,,,,,,,,,,,,,,,,,,,,
Intel,Leixlip,Fab 34,Module 1,Intel 3 (Intel 4 mix unallocated),logic,production,True,,,,,,,,,,,,,,,,,,,,,,,,,,,,,,,,,,,,
Intel,Ohio,Fab 37,Module 1,10A possible; uncommitted,logic,production,True,,,,,,,,,,,,,,,,,,,,,,,,,,,,,,,,,,,,
Intel,Ohio,Fab 37,Module 2,10A possible; uncommitted,logic,production,True,,,,,,,,,,,,,,,,,,,,,,,,,,,,,,,,,,,,
Intel,Ohio,Fab 57,Module 1,10A possible; uncommitted,logic,production,True,,,,,,,,,,,,,,,,,,,,,,,,,,,,,,,,,,,,
Intel,Ohio,Fab 57,Module 2,10A possible; uncommitted,logic,production,True,,,,,,,,,,,,,,,,,,,,,,,,,,,,,,,,,,,,
Intel,Ohio,Fab 67,Module 1,10A possible; uncommitted,logic,production,True,,,,,,,,,,,,,,,,,,,,,,,,,,,,,,,,,,,,
Intel,Ohio,Fab 67,Module 2,10A possible; uncommitted,logic,production,True,,,,,,,,,,,,,,,,,,,,,,,,,,,,,,,,,,,,
